{
    "Sheep": {
        "original_mean": 1.0,
        "ci_lower": 1.0,
        "ci_upper": 1.0
    },
    "Goat": {
        "original_mean": 0.9477254426519771,
        "ci_lower": 0.945150569545544,
        "ci_upper": 0.9502066144501279
    },
    "Cattle": {
        "original_mean": 0.8996848317922487,
        "ci_lower": 0.8964804988441866,
        "ci_upper": 0.90284211157289
    },
    "Forest_musk_deer": {
        "original_mean": 0.8710753442848712,
        "ci_lower": 0.8675238467686405,
        "ci_upper": 0.8746192817971671
    },
    "Sika_deer": {
        "original_mean": 0.8729321562069644,
        "ci_lower": 0.8693257605006885,
        "ci_upper": 0.8764552421060398
    },
    "Reindeer": {
        "original_mean": 0.872368129057643,
        "ci_lower": 0.8688206632402126,
        "ci_upper": 0.8758515270263625
    },
    "Giraffe": {
        "original_mean": 0.855098012984458,
        "ci_lower": 0.8512541204751132,
        "ci_upper": 0.8589429567922486
    },
    "Pronghorn": {
        "original_mean": 0.8560343891402716,
        "ci_lower": 0.8523864819004523,
        "ci_upper": 0.8597016702734607
    },
    "Lesser_mouse_deer": {
        "original_mean": 0.7793029116663388,
        "ci_lower": 0.7752410756443047,
        "ci_upper": 0.7833344702931339
    },
    "Hippo": {
        "original_mean": 0.766292474916388,
        "ci_lower": 0.7620013724670469,
        "ci_upper": 0.7705851766919143
    },
    "Killer_whale": {
        "original_mean": 0.7421233080857761,
        "ci_lower": 0.7374908184143223,
        "ci_upper": 0.7467991745770216
    },
    "Pig": {
        "original_mean": 0.7292966358449734,
        "ci_lower": 0.7249721595268542,
        "ci_upper": 0.7336940840792838
    },
    "Camel": {
        "original_mean": 0.7306207652960849,
        "ci_lower": 0.726221778723195,
        "ci_upper": 0.7350382521394845
    },
    "Tapir": {
        "original_mean": 0.7224614794412748,
        "ci_lower": 0.7180183418994688,
        "ci_upper": 0.7269123989277986
    }
}